arquivo,nome_cliente,rua,numero,complemento,cep,uda
00663364.jpg
00663389.jpg
00683860.jpg
00722289.jpg
00734113.jpg
00740106.jpg
00740124.jpg
00742102.jpg
00750031.jpg
00754240.jpg
00754260.jpg
00756294.jpg
00756297.jpg
00756306.jpg
00756314.jpg
00762359.jpg
00764425.jpg
00766429.jpg
00770493.jpg
00774622.jpg
00776665.jpg
00776678.jpg
00776716.jpg
00778732.jpg
00778800.jpg
00780216.jpg
00780386.jpg
00780422.jpg
00780581.jpg
00780859.jpg
00781440.jpg
00781748.jpg
00782305.jpg
00786723.jpg
00787028.jpg
00787098.jpg
00787515.jpg
00788110.jpg
00820955.jpg
00821586.jpg
00822343.jpg
00822353.jpg
00822711.jpg
00822826.jpg
00822837.jpg
00822879.jpg
00822923.jpg
00823242.jpg
00823356.jpg
00823537.jpg
00823743.jpg
00823765.jpg
00824077.jpg
00824097.jpg
00824194.jpg
00824870.jpg
00824926.jpg
00824996.jpg
00825017.jpg
00825298.jpg
00825822.jpg
00825944.jpg
00825972.jpg
00826108.jpg
00826123.jpg
00826147.jpg
00826150.jpg
00826193.jpg
00826203.jpg
00826373.jpg
00827328.jpg
00828002.jpg
00828085.jpg
00828225.jpg
00828739.jpg
00828942.jpg
00828998.jpg
00829312.jpg
00829369.jpg
00841391.jpg
00842998.jpg
00843990.jpg
00844870.jpg
00846180.jpg
00846436.jpg
00846457.jpg
00846548.jpg
00846620.jpg
00846633.jpg
00846796.jpg
00846800.jpg
00846920.jpg
00846929.jpg
00846987.jpg
00846991.jpg
00847498.jpg
00847552.jpg
00847731.jpg
00847732.jpg
00847737.jpg
00847790.jpg
00847818.jpg
00847823.jpg
00847846.jpg
00847979.jpg
00848032.jpg
00848064.jpg
00848078.jpg
00848233.jpg
00848260.jpg
00848306.jpg
00848331.jpg
00848334.jpg
00848426.jpg
00848466.jpg
00848477.jpg
00848536.jpg
00848704.jpg
00848711.jpg
00848724.jpg
00848739.jpg
00848880.jpg
00848903.jpg
00848921.jpg
00848936.jpg
00849124.jpg
00849148.jpg
00849219.jpg
00849341.jpg
00849538.jpg
00849560.jpg
00849562.jpg
00849653.jpg
00849655.jpg
00849960.jpg
00850021.jpg
00850141.jpg
00850256.jpg
00850340.jpg
00850588.jpg
00850591.jpg
00850684.jpg
00850917.jpg
00851489.jpg
00851494.jpg
00851539.jpg
00851726.jpg
00851739.jpg
00851897.jpg
00851941.jpg
00852370.jpg
00853092.jpg
00853101.jpg
00853105.jpg
